{
    "tch":{
       "signal_tch":{
            "bin_0":{
                "pdf_down":0.977909,
                "pdf_up":1.02085,
                "scale":1.07829
            },
            "bin_1":{
                "pdf_down":0.981636,
                "pdf_up":1.01843,
                "scale":1.07214
            },
            "bin_2":{
                "pdf_down":0.984348,
                "pdf_up":1.01403,
                "scale":1.07535
            },
            "bin_3":{
                "pdf_down":0.988015,
                "pdf_up":1.01176,
                "scale":1.06993
            },
            "bin_4":{
                "pdf_down":0.989226,
                "pdf_up":1.01101,
                "scale":1.07125
            },
            "bin_5":{
                "pdf_down":0.991109,
                "pdf_up":1.00917,
                "scale":1.07192
            },
            "bin_6":{
                "pdf_down":0.991117,
                "pdf_up":1.00904,
                "scale":1.06941
            },
            "bin_7":{
                "pdf_down":0.991854,
                "pdf_up":1.00815,
                "scale":1.07179
            },
            "bin_8":{
                "pdf_down":0.990336,
                "pdf_up":1.00969,
                "scale":1.06657
            },
            "bin_9":{
                "pdf_down":0.992591,
                "pdf_up":1.00742,
                "scale":1.0709
            },
            "bin_10":{
                "pdf_down":0.99354,
                "pdf_up":1.00703,
                "scale":1.06596
            },
            "bin_11":{
                "pdf_down":0.992652,
                "pdf_up":1.00783,
                "scale":1.0703
            },
            "bin_12":{
                "pdf_down":0.993399,
                "pdf_up":1.00593,
                "scale":1.0646
            },
            "bin_13":{
                "pdf_down":0.990866,
                "pdf_up":1.00877,
                "scale":1.06809
            },
            "bin_14":{
                "pdf_down":0.992621,
                "pdf_up":1.00894,
                "scale":1.06833
            },
            "bin_15":{
                "pdf_down":0.994672,
                "pdf_up":1.0058,
                "scale":1.06337
            },
            "bin_16":{
                "pdf_down":0.99157,
                "pdf_up":1.00555,
                "scale":1.06313
            },
            "bin_17":{
                "pdf_down":0.991628,
                "pdf_up":1.00878,
                "scale":1.0628
            },
            "bin_18":{
                "pdf_down":0.988063,
                "pdf_up":1.01326,
                "scale":1.05559
            },
            "bin_19":{
                "pdf_down":0.989435,
                "pdf_up":1.01156,
                "scale":1.05524
            }
        },
        "rares":{
            "bin_0":{
                "pdf_down":1.01667,
                "pdf_up":0.983326,
                "scale":0.802424
            },
            "bin_1":{
                "pdf_down":1.01998,
                "pdf_up":0.980018,
                "scale":0.828347
            },
            "bin_2":{
                "pdf_down":1.01417,
                "pdf_up":0.985834,
                "scale":0.87094
            },
            "bin_3":{
                "pdf_down":1.02211,
                "pdf_up":0.977887,
                "scale":0.847694
            },
            "bin_4":{
                "pdf_down":1.02016,
                "pdf_up":0.979838,
                "scale":0.889896
            },
            "bin_5":{
                "pdf_down":1.01662,
                "pdf_up":0.983382,
                "scale":0.925326
            },
            "bin_6":{
                "pdf_down":1.01717,
                "pdf_up":0.982825,
                "scale":0.89827
            },
            "bin_7":{
                "pdf_down":1.02144,
                "pdf_up":0.978564,
                "scale":0.861275
            },
            "bin_8":{
                "pdf_down":1.02219,
                "pdf_up":0.977809,
                "scale":0.872687
            },
            "bin_9":{
                "pdf_down":1.024,
                "pdf_up":0.976,
                "scale":0.851123
            },
            "bin_10":{
                "pdf_down":1.01607,
                "pdf_up":0.983933,
                "scale":0.922392
            },
            "bin_11":{
                "pdf_down":1.0241,
                "pdf_up":0.975898,
                "scale":1.1122
            },
            "bin_12":{
                "pdf_down":1.01012,
                "pdf_up":0.989884,
                "scale":0.867018
            },
            "bin_13":{
                "pdf_down":1.02033,
                "pdf_up":0.979673,
                "scale":0.830654
            },
            "bin_14":{
                "pdf_down":1.02437,
                "pdf_up":0.975628,
                "scale":0.892354
            },
            "bin_15":{
                "pdf_down":1.02373,
                "pdf_up":0.976272,
                "scale":0.885246
            },
            "bin_16":{
                "pdf_down":1.01704,
                "pdf_up":0.982957,
                "scale":0.871263
            },
            "bin_17":{
                "pdf_down":1.02473,
                "pdf_up":0.975271,
                "scale":0.877903
            },
            "bin_18":{
                "pdf_down":1.02202,
                "pdf_up":0.977978,
                "scale":0.895947
            },
            "bin_19":{
                "pdf_down":1.02627,
                "pdf_up":0.973729,
                "scale":0.847279
            }
        }
    },
    "tuh":{
        "signal_tuh":{
            "bin_0":{
                "pdf_down":0.978459,
                "pdf_up":1.0181,
                "scale":1.02147
            },
            "bin_1":{
                "pdf_down":0.986041,
                "pdf_up":1.01278,
                "scale":1.02195
            },
            "bin_2":{
                "pdf_down":0.989078,
                "pdf_up":1.00886,
                "scale":1.0246
            },
            "bin_3":{
                "pdf_down":0.988323,
                "pdf_up":1.01036,
                "scale":1.02501
            },
            "bin_4":{
                "pdf_down":0.986323,
                "pdf_up":1.01106,
                "scale":0.979449
            },
            "bin_5":{
                "pdf_down":0.991232,
                "pdf_up":1.00704,
                "scale":0.977142
            },
            "bin_6":{
                "pdf_down":0.988584,
                "pdf_up":1.00859,
                "scale":1.02259
            },
            "bin_7":{
                "pdf_down":0.987548,
                "pdf_up":1.00994,
                "scale":1.02139
            },
            "bin_8":{
                "pdf_down":0.990283,
                "pdf_up":1.00698,
                "scale":0.976676
            },
            "bin_9":{
                "pdf_down":0.989276,
                "pdf_up":1.00779,
                "scale":0.979534
            },
            "bin_10":{
                "pdf_down":0.99,
                "pdf_up":1.00786,
                "scale":1.01924
            },
            "bin_11":{
                "pdf_down":0.991935,
                "pdf_up":1.00622,
                "scale":0.981329
            },
            "bin_12":{
                "pdf_down":0.99262,
                "pdf_up":1.00609,
                "scale":0.979325
            },
            "bin_13":{
                "pdf_down":0.992058,
                "pdf_up":1.00713,
                "scale":0.979022
            },
            "bin_14":{
                "pdf_down":0.990854,
                "pdf_up":1.00745,
                "scale":0.979175
            },
            "bin_15":{
                "pdf_down":0.990269,
                "pdf_up":1.00778,
                "scale":0.981033
            },