{
    "2017": {
        "fakes_mc": {
            "l3_j3_b2": {
                "syst": 10.4827, 
                "yield": 159.0, 
                "error": 12.609520212918492
            }, 
            "l2_j4_b1": {
                "syst": 9.85621, 
                "yield": 4.0, 
                "error": 2.0
            }, 
            "l2_j2_b2": {
                "syst": 7.74266, 
                "yield": 46.0, 
                "error": 6.782329983125268
            }, 
            "l2_j3_b1": {
                "syst": 7.56606, 
                "yield": 309.0, 
                "error": 17.578395831246947
            }, 
            "l2_j3_b0": {
                "syst": 7.24731, 
                "yield": 535.0, 
                "error": 23.130067012440755
            }, 
            "l2_j3_b2": {
                "syst": 7.26889, 
                "yield": 29.0, 
                "error": 5.385164807134504
            }, 
            "l3_j4_b1": {
                "syst": 13.3502, 
                "yield": 204.0, 
                "error": 14.2828568570857
            }, 
            "l3_j4_b0": {
                "syst": 8.9602, 
                "yield": 598.0, 
                "error": 24.454038521274967
            }, 
            "l2_j2_b0": {
                "syst": 6.63146, 
                "yield": 62.0, 
                "error": 7.874007874011811
            }, 
            "l2_j2_b1": {
                "syst": 8.08039, 
                "yield": 134.0, 
                "error": 11.575836902790225
            }, 
            "l3_j3_b0": {
                "syst": 10.7108, 
                "yield": 2147.0, 
                "error": 46.33573135281238
            }, 
            "l3_j3_b1": {
                "syst": 7.79917, 
                "yield": 276.0, 
                "error": 16.61324772583615
            }, 
            "l3_j1_b0": {
                "syst": 6.98604, 
                "yield": 1131.0, 
                "error": 33.63034344160047
            }, 
            "l3_j1_b1": {
                "syst": 8.04912, 
                "yield": 1330.0, 
                "error": 36.46916505762094
            }, 
            "l2_j4_b0": {
                "syst": 9.42543, 
                "yield": 40.0, 
                "error": 6.324555320336759
            }, 
            "l3_j1_b2": {
                "syst": 40.6501, 
                "yield": 326.0, 
                "error": 18.05547008526779
            }, 
            "l2_j4_b2": {
                "syst": 8.45383, 
                "yield": 33.0, 
                "error": 5.744562646538029
            }, 
            "l3_j4_b2": {
                "syst": 10.228, 
                "yield": 26.0, 
                "error": 5.0990195135927845
            }, 
            "l3_j2_b2": {
                "syst": 7.21745, 
                "yield": 407.0, 
                "error": 20.174241001832016
            }, 
            "l3_j2_b1": {
                "syst": 9.18872, 
                "yield": 1883.0, 
                "error": 43.393547907494266
            }, 
            "l3_j2_b0": {
                "syst": 9.96351, 
                "yield": 1954.0, 
                "error": 44.204072210600685
            }
        }, 
        "flips_mc": {
            "l3_j3_b2": {
                "syst": 0, 
                "yield": 0.0, 
                "error": 0.0
            }, 
            "l2_j4_b1": {
                "syst": 2.99, 
                "yield": 0.0, 
                "error": 0.0
            }, 
            "l2_j2_b2": {
                "syst": 1.08, 
                "yield": 0.0, 
                "error": 0.0
            }, 
            "l2_j3_b1": {
                "syst": 2.71, 
                "yield": 0.0, 
                "error": 0.0
            }, 
            "l2_j3_b0": {
                "syst": 3.49, 
                "yield": 0.0, 
                "error": 0.0
            }, 
            "l2_j3_b2": {
                "syst": 2.53, 
                "yield": 0.0, 
                "error": 0.0
            }, 
            "l3_j4_b1": {
                "syst": 0, 
                "yield": 68866.0, 
                "error": 262.42332213429506
            }, 
            "l3_j4_b0": {
                "syst": 0, 
                "yield": 25828.0, 
                "error": 160.7109205996904
            }, 
            "l2_j2_b0": {
                "syst": 2.79, 
                "yield": 0.0, 
                "error": 0.0
            }, 
            "l2_j2_b1": {
                "syst": 2.41, 
                "yield": 0.0, 
                "error": 0.0
            }, 
            "l3_j3_b0": {
                "syst": 0, 
                "yield": 106977.0, 
                "error": 327.0733862606372
            }, 
            "l3_j3_b1": {
                "syst": 0, 
                "yield": 44196.0, 
                "error": 210.22844717116664
            }, 
            "l3_j1_b0": {
                "syst": 0, 
                "yield": 74220.0, 
                "error": 272.43347811897127
            }, 
            "l3_j1_b1": {
                "syst": 0, 
                "yield": 24299.0, 
                "error": 155.88136514670379
            }, 
            "l2_j4_b0": {
                "syst": 4.14, 
                "yield": 0.0, 
                "error": 0.0
            }, 
            "l3_j1_b2": {
                "syst": 0, 
                "yield": 0.0, 
                "error": 0.0
            }, 
            "l2_j4_b2": {
                "syst": 2.95, 
                "yield": 0.0, 
                "error": 0.0
            }, 
            "l3_j4_b2": {
                "syst": 0, 
                "yield": 0.0, 
                "error": 0.0
            }, 
            "l3_j2_b2": {
                "syst": 0, 
                "yield": 29258.0, 
                "error": 171.04970037974343
            }, 
            "l3_j2_b1": {
                "syst": 0, 
                "yield": 47818.0, 
                "error": 218.67327225795108
            }, 
            "l3_j2_b0": {
                "syst": 0, 
                "yield": 283025.0, 
                "error": 532.0009398487939
            }
        }
    }, 
    "2016": {
        "fakes_mc": {
            "l3_j3_b2": {
                "syst": 7.82636, 
                "yield": 167.0, 
                "error": 12.922847983320086
            }, 
            "l2_j4_b1": {
                "syst": 5.59812, 
                "yield": 7.0, 
                "error": 2.6457513110645907
            }, 
            "l2_j2_b2": {
                "syst": 5.03131, 
                "yield": 50.0, 
                "error": 7.0710678118654755
            }, 
            "l2_j3_b1": {
                "syst": 4.84993, 
                "yield": 241.0, 
                "error": 15.524174696260024
            }, 
            "l2_j3_b0": {
                "syst": 5.62097, 
                "yield": 405.0, 
                "error": 20.12461179749811
            }, 
            "l2_j3_b2": {
                "syst": 5.98169, 
                "yield": 17.0, 
                "error": 4.123105625617661
            }, 
            "l3_j4_b1": {
                "syst": 6.4532, 
                "yield": 104.0, 
                "error": 10.198039027185569
            }, 
            "l3_j4_b0": {
                "syst": 8.82801, 
                "yield": 442.0, 
                "error": 21.02379604162864
            }, 
            "l2_j2_b0": {
                "syst": 4.46067, 
                "yield": 51.0, 
                "error": 7.14142842854285
            }, 
            "l2_j2_b1": {
                "syst": 4.76551, 
                "yield": 85.0, 
                "error": 9.219544457292887
            }, 
            "l3_j3_b0": {
                "syst": 9.27242, 
                "yield": 1338.0, 
                "error": 36.578682316343766
            }, 
            "l3_j3_b1": {
                "syst": 8.69589, 
                "yield": 163.0,